{"session_file":"8104164521","phone":"79203326345","user_id":"8104164521","app_id":611335,"app_hash":"d524b414d21f4d37f08684c1df41ac9c","sdk":"MX Linux 19.4","app_version":"5.8.3 arm64 Snap","device":"Razer Blade Stealth 15","device_token":null,"device_token_secret":null,"device_secret":null,"signature":null,"certificate":null,"safetynet":null,"perf_cat":null,"tz_offset":null,"register_time":null,"last_check_time":null,"avatar":null,"first_name":"20917","last_name":null,"username":null,"sex":null,"spam":"temp","premium":false,"lang_code":"en","system_lang_code":"en-us","lang_pack":"","twoFA":null,"proxy":null,"ipv6":null,"module":null,"program":null,"time":"22:56:40(28/02/25)"}