{"session_file":"2109268494","phone":"79961887428","user_id":"2109268494","app_id":611335,"app_hash":"d524b414d21f4d37f08684c1df41ac9c","sdk":"Solus 4.2","app_version":"5.8.3 arm64 Snap","device":"ASUS ZenBook Pro Duo","device_token":null,"device_token_secret":null,"device_secret":null,"signature":null,"certificate":null,"safetynet":null,"perf_cat":null,"tz_offset":null,"register_time":null,"last_check_time":null,"avatar":null,"first_name":"Ꮇᴀgᴏ4ᴋᴀ","last_name":null,"username":"Egor4ik_777","sex":null,"spam":"infinity","premium":false,"lang_code":"en","system_lang_code":"en-us","lang_pack":"","twoFA":null,"proxy":null,"ipv6":null,"module":null,"program":null,"time":"20:21:52(23/02/25)"}