{"session_file":"5633280911","phone":"79228221000","user_id":"5633280911","app_id":12834,"app_hash":"c84d9229db1d6be95c067b02b126352c","sdk":"SDK 31","app_version":"10.0.8 (38672)","device":"Lenovo K5 Note","device_token":null,"device_token_secret":null,"device_secret":null,"signature":null,"certificate":null,"safetynet":null,"perf_cat":null,"tz_offset":null,"register_time":null,"last_check_time":null,"avatar":null,"first_name":"Егор","last_name":null,"username":"Mmm123406","sex":null,"spam":"infinity","premium":false,"lang_code":"en","system_lang_code":"en-US","lang_pack":"android","twoFA":null,"proxy":null,"ipv6":null,"module":null,"program":null,"time":"11:21:55(12/09/24)"}