{"session_file":"6406545805","phone":"79539789236","user_id":"6406545805","app_id":611335,"app_hash":"d524b414d21f4d37f08684c1df41ac9c","sdk":"Solus 4.3","app_version":"5.8.3 arm64 Snap","device":"Lenovo Yoga 9i","device_token":null,"device_token_secret":null,"device_secret":null,"signature":null,"certificate":null,"safetynet":null,"perf_cat":null,"tz_offset":null,"register_time":null,"last_check_time":null,"avatar":null,"first_name":"™","last_name":null,"username":"ghghKol","sex":null,"spam":"temp","premium":false,"lang_code":"en","system_lang_code":"en-us","lang_pack":"","twoFA":null,"proxy":null,"ipv6":null,"module":null,"program":null,"time":"21:09:22(25/02/25)"}