{"session_file":"6855248684","phone":"79029511269","user_id":"6855248684","app_id":611335,"app_hash":"d524b414d21f4d37f08684c1df41ac9c","sdk":"Solus 4.3","app_version":"5.8.3 arm64 Snap","device":"Surface Pro 7","device_token":null,"device_token_secret":null,"device_secret":null,"signature":null,"certificate":null,"safetynet":null,"perf_cat":null,"tz_offset":null,"register_time":null,"last_check_time":null,"avatar":null,"first_name":"Не нужно _","last_name":null,"username":"Rasol_328","sex":null,"spam":"none","premium":false,"lang_code":"en","system_lang_code":"en-us","lang_pack":"","twoFA":null,"proxy":null,"ipv6":null,"module":null,"program":null,"time":"08:47:16(21/02/25)"}