{"session_file":"6862094397","phone":"79154546604","user_id":"6862094397","app_id":611335,"app_hash":"d524b414d21f4d37f08684c1df41ac9c","sdk":"antiX 17.4","app_version":"5.8.3 arm64 Snap","device":"Huawei MateBook 13","device_token":null,"device_token_secret":null,"device_secret":null,"signature":null,"certificate":null,"safetynet":null,"perf_cat":null,"tz_offset":null,"register_time":null,"last_check_time":null,"avatar":null,"first_name":"Jo","last_name":"Makentosh","username":"vCkatmIvS","sex":null,"spam":"infinity","premium":false,"lang_code":"en","system_lang_code":"en-us","lang_pack":"","twoFA":null,"proxy":null,"ipv6":null,"module":null,"program":null,"time":"21:10:21(25/02/25)"}