{"session_file":"7130178190","phone":"79021858700","user_id":"7130178190","app_id":12834,"app_hash":"c84d9229db1d6be95c067b02b126352c","sdk":"SDK 31","app_version":"10.0.8 (38672)","device":"Lenovo K5 Note","device_token":null,"device_token_secret":null,"device_secret":null,"signature":null,"certificate":null,"safetynet":null,"perf_cat":null,"tz_offset":null,"register_time":null,"last_check_time":null,"avatar":null,"first_name":"Юши","last_name":null,"username":null,"sex":null,"spam":"none","premium":false,"lang_code":"en","system_lang_code":"en-US","lang_pack":"android","twoFA":null,"proxy":null,"ipv6":null,"module":null,"program":null,"time":"17:22:53(26/09/24)"}